{
  "products": [
    {
      "id": 1001,
      "name": "Scissors",
      "description": "Use this to cut stuff",
      "price": 4.99
    },
    {
      "id": 1002,
      "name": "Steak Knifes",
      "description": "Use this to eat food",
      "price": 10.99
    },
    {
      "id": 1003,
      "name": "Skewers",
      "description": "Use this to roast food",
      "price": 23.45
    },
    {
      "id": 1004,
      "name": "Baking food",
      "description": "Use this to bake food",
      "price": 33.45
    },
    {
      "id": 1005,
      "name": "Data",
      "description": "Use to store data",
      "price": 53.45
    }
  ]
}